country_id,country,iso,iso_alpha3,fips
1149361,Afghanistan,AF,AFG,AF
661882,Aland Islands,AX,ALA,
783754,Albania,AL,ALB,AL
2589581,Algeria,DZ,DZA,AG
5880801,American Samoa,AS,ASM,AQ
3041565,Andorra,AD,AND,AN
3351879,Angola,AO,AGO,AO
3573511,Anguilla,AI,AIA,AV
6697173,Antarctica,AQ,ATA,AY
3576396,Antigua and Barbuda,AG,ATG,AC
3865483,Argentina,AR,ARG,AR
174982,Armenia,AM,ARM,AM
3577279,Aruba,AW,ABW,AA
2077456,Australia,AU,AUS,AS
2782113,Austria,AT,AUT,AU
587116,Azerbaijan,AZ,AZE,AJ
3572887,Bahamas,BS,BHS,BF
290291,Bahrain,BH,BHR,BA
1210997,Bangladesh,BD,BGD,BG
3374084,Barbados,BB,BRB,BB
630336,Belarus,BY,BLR,BO
2802361,Belgium,BE,BEL,BE
3582678,Belize,BZ,BLZ,BH
2395170,Benin,BJ,BEN,BN
3573345,Bermuda,BM,BMU,BD
1252634,Bhutan,BT,BTN,BT
3923057,Bolivia,BO,BOL,BL
7626844,"Bonaire, Saint Eustatius and Saba ",BQ,BES,
3277605,Bosnia and Herzegovina,BA,BIH,BK
933860,Botswana,BW,BWA,BC
3371123,Bouvet Island,BV,BVT,BV
3469034,Brazil,BR,BRA,BR
1282588,British Indian Ocean Territory,IO,IOT,IO
3577718,British Virgin Islands,VG,VGB,VI
1820814,Brunei,BN,BRN,BX
732800,Bulgaria,BG,BGR,BU
2361809,Burkina Faso,BF,BFA,UV
433561,Burundi,BI,BDI,BY
1831722,Cambodia,KH,KHM,CB
2233387,Cameroon,CM,CMR,CM
6251999,Canada,CA,CAN,CA
3374766,Cape Verde,CV,CPV,CV
3580718,Cayman Islands,KY,CYM,CJ
239880,Central African Republic,CF,CAF,CT
2434508,Chad,TD,TCD,CD
3895114,Chile,CL,CHL,CI
1814991,China,CN,CHN,CH
2078138,Christmas Island,CX,CXR,KT
1547376,Cocos Islands,CC,CCK,CK
3686110,Colombia,CO,COL,CO
921929,Comoros,KM,COM,CN
1899402,Cook Islands,CK,COK,CW
3624060,Costa Rica,CR,CRI,CS
3202326,Croatia,HR,HRV,HR
3562981,Cuba,CU,CUB,CU
7626836,Curacao,CW,CUW,UC
146669,Cyprus,CY,CYP,CY
3077311,Czechia,CZ,CZE,EZ
203312,Democratic Republic of the Congo,CD,COD,CG
2623032,Denmark,DK,DNK,DA
223816,Djibouti,DJ,DJI,DJ
3575830,Dominica,DM,DMA,DO
3508796,Dominican Republic,DO,DOM,DR
1966436,East Timor,TL,TLS,TT
3658394,Ecuador,EC,ECU,EC
357994,Egypt,EG,EGY,EG
3585968,El Salvador,SV,SLV,ES
2309096,Equatorial Guinea,GQ,GNQ,EK
338010,Eritrea,ER,ERI,ER
453733,Estonia,EE,EST,EN
337996,Ethiopia,ET,ETH,ET
3474414,Falkland Islands,FK,FLK,FK
2622320,Faroe Islands,FO,FRO,FO
2205218,Fiji,FJ,FJI,FJ
660013,Finland,FI,FIN,FI
3017382,France,FR,FRA,FR
3381670,French Guiana,GF,GUF,FG
4030656,French Polynesia,PF,PYF,FP
1546748,French Southern Territories,TF,ATF,FS
2400553,Gabon,GA,GAB,GB
2413451,Gambia,GM,GMB,GA
614540,Georgia,GE,GEO,GG
2921044,Germany,DE,DEU,GM
2300660,Ghana,GH,GHA,GH
2411586,Gibraltar,GI,GIB,GI
390903,Greece,GR,GRC,GR
3425505,Greenland,GL,GRL,GL
3580239,Grenada,GD,GRD,GJ
3579143,Guadeloupe,GP,GLP,GP
4043988,Guam,GU,GUM,GQ
3595528,Guatemala,GT,GTM,GT
3042362,Guernsey,GG,GGY,GK
2420477,Guinea,GN,GIN,GV
2372248,Guinea-Bissau,GW,GNB,PU
3378535,Guyana,GY,GUY,GY
3723988,Haiti,HT,HTI,HA
1547314,Heard Island and McDonald Islands,HM,HMD,HM
3608932,Honduras,HN,HND,HO
1819730,Hong Kong,HK,HKG,HK
719819,Hungary,HU,HUN,HU
2629691,Iceland,IS,ISL,IC
1269750,India,IN,IND,IN
1643084,Indonesia,ID,IDN,ID
130758,Iran,IR,IRN,IR
99237,Iraq,IQ,IRQ,IZ
2963597,Ireland,IE,IRL,EI
3042225,Isle of Man,IM,IMN,IM
294640,Israel,IL,ISR,IS
3175395,Italy,IT,ITA,IT
2287781,Ivory Coast,CI,CIV,IV
3489940,Jamaica,JM,JAM,JM
1861060,Japan,JP,JPN,JA
3042142,Jersey,JE,JEY,JE
248816,Jordan,JO,JOR,JO
1522867,Kazakhstan,KZ,KAZ,KZ
192950,Kenya,KE,KEN,KE
4030945,Kiribati,KI,KIR,KR
831053,Kosovo,XK,XKX,KV
285570,Kuwait,KW,KWT,KU
1527747,Kyrgyzstan,KG,KGZ,KG
1655842,Laos,LA,LAO,LA
458258,Latvia,LV,LVA,LG
272103,Lebanon,LB,LBN,LE
932692,Lesotho,LS,LSO,LT
2275384,Liberia,LR,LBR,LI
2215636,Libya,LY,LBY,LY
3042058,Liechtenstein,LI,LIE,LS
597427,Lithuania,LT,LTU,LH
2960313,Luxembourg,LU,LUX,LU
1821275,Macao,MO,MAC,MC
718075,Macedonia,MK,MKD,MK
1062947,Madagascar,MG,MDG,MA
927384,Malawi,MW,MWI,MI
1733045,Malaysia,MY,MYS,MY
1282028,Maldives,MV,MDV,MV
2453866,Mali,ML,MLI,ML
2562770,Malta,MT,MLT,MT
2080185,Marshall Islands,MH,MHL,RM
3570311,Martinique,MQ,MTQ,MB
2378080,Mauritania,MR,MRT,MR
934292,Mauritius,MU,MUS,MP
1024031,Mayotte,YT,MYT,MF
3996063,Mexico,MX,MEX,MX
2081918,Micronesia,FM,FSM,FM
617790,Moldova,MD,MDA,MD
2993457,Monaco,MC,MCO,MN
2029969,Mongolia,MN,MNG,MG
3194884,Montenegro,ME,MNE,MJ
3578097,Montserrat,MS,MSR,MH
2542007,Morocco,MA,MAR,MO
1036973,Mozambique,MZ,MOZ,MZ
1327865,Myanmar,MM,MMR,BM
3355338,Namibia,NA,NAM,WA
2110425,Nauru,NR,NRU,NR
1282988,Nepal,NP,NPL,NP
2750405,Netherlands,NL,NLD,NL
2139685,New Caledonia,NC,NCL,NC
2186224,New Zealand,NZ,NZL,NZ
3617476,Nicaragua,NI,NIC,NU
2440476,Niger,NE,NER,NG
2328926,Nigeria,NG,NGA,NI
4036232,Niue,NU,NIU,NE
2155115,Norfolk Island,NF,NFK,NF
4041468,Northern Mariana Islands,MP,MNP,CQ
1873107,North Korea,KP,PRK,KN
3144096,Norway,NO,NOR,NO
286963,Oman,OM,OMN,MU
1168579,Pakistan,PK,PAK,PK
1559582,Palau,PW,PLW,PS
6254930,Palestinian Territory,PS,PSE,WE
3703430,Panama,PA,PAN,PM
2088628,Papua New Guinea,PG,PNG,PP
3437598,Paraguay,PY,PRY,PA
3932488,Peru,PE,PER,PE
1694008,Philippines,PH,PHL,RP
4030699,Pitcairn,PN,PCN,PC
798544,Poland,PL,POL,PL
2264397,Portugal,PT,PRT,PO
4566966,Puerto Rico,PR,PRI,RQ
289688,Qatar,QA,QAT,QA
2260494,Republic of the Congo,CG,COG,CF
935317,Reunion,RE,REU,RE
798549,Romania,RO,ROU,RO
2017370,Russia,RU,RUS,RS
49518,Rwanda,RW,RWA,RW
3578476,Saint Barthelemy,BL,BLM,TB
3370751,Saint Helena,SH,SHN,SH
3575174,Saint Kitts and Nevis,KN,KNA,SC
3576468,Saint Lucia,LC,LCA,ST
3578421,Saint Martin,MF,MAF,RN
3424932,Saint Pierre and Miquelon,PM,SPM,SB
3577815,Saint Vincent and the Grenadines,VC,VCT,VC
4034894,Samoa,WS,WSM,WS
3168068,San Marino,SM,SMR,SM
2410758,Sao Tome and Principe,ST,STP,TP
102358,Saudi Arabia,SA,SAU,SA
2245662,Senegal,SN,SEN,SG
6290252,Serbia,RS,SRB,RI
241170,Seychelles,SC,SYC,SE
2403846,Sierra Leone,SL,SLE,SL
1880251,Singapore,SG,SGP,SN
7609695,Sint Maarten,SX,SXM,NN
3057568,Slovakia,SK,SVK,LO
3190538,Slovenia,SI,SVN,SI
2103350,Solomon Islands,SB,SLB,BP
51537,Somalia,SO,SOM,SO
953987,South Africa,ZA,ZAF,SF
3474415,South Georgia and the South Sandwich Islands,GS,SGS,SX
1835841,South Korea,KR,KOR,KS
7909807,South Sudan,SS,SSD,OD
2510769,Spain,ES,ESP,SP
1227603,Sri Lanka,LK,LKA,CE
366755,Sudan,SD,SDN,SU
3382998,Suriname,SR,SUR,NS
607072,Svalbard and Jan Mayen,SJ,SJM,SV
934841,Swaziland,SZ,SWZ,WZ
2661886,Sweden,SE,SWE,SW
2658434,Switzerland,CH,CHE,SZ
163843,Syria,SY,SYR,SY
1668284,Taiwan,TW,TWN,TW
1220409,Tajikistan,TJ,TJK,TI
149590,Tanzania,TZ,TZA,TZ
1605651,Thailand,TH,THA,TH
2363686,Togo,TG,TGO,TO
4031074,Tokelau,TK,TKL,TL
4032283,Tonga,TO,TON,TN
3573591,Trinidad and Tobago,TT,TTO,TD
2464461,Tunisia,TN,TUN,TS
298795,Turkey,TR,TUR,TU
1218197,Turkmenistan,TM,TKM,TX
3576916,Turks and Caicos Islands,TC,TCA,TK
2110297,Tuvalu,TV,TUV,TV
226074,Uganda,UG,UGA,UG
690791,Ukraine,UA,UKR,UP
290557,United Arab Emirates,AE,ARE,AE
2635167,United Kingdom,GB,GBR,UK
6252001,United States,US,USA,US
5854968,United States Minor Outlying Islands,UM,UMI,
3439705,Uruguay,UY,URY,UY
4796775,U.S. Virgin Islands,VI,VIR,VQ
1512440,Uzbekistan,UZ,UZB,UZ
2134431,Vanuatu,VU,VUT,NH
3164670,Vatican,VA,VAT,VT
3625428,Venezuela,VE,VEN,VE
1562822,Vietnam,VN,VNM,VM
4034749,Wallis and Futuna,WF,WLF,WF
2461445,Western Sahara,EH,ESH,WI
69543,Yemen,YE,YEM,YM
895949,Zambia,ZM,ZMB,ZA
878675,Zimbabwe,ZW,ZWE,ZI
